{"accuracy": [0.6244736313819885, 0.8687976598739624, 0.9181745648384094, 0.9440508484840393, 0.9592864513397217, 0.9670678377151489, 0.972957193851471, 0.978305995464325, 0.9817485809326172, 0.9829151034355164], "loss": [1.2763938903808594, 0.4101862609386444, 0.2511269450187683, 0.16996628046035767, 0.12709444761276245, 0.0997314453125, 0.08300624787807465, 0.06683649122714996, 0.05739564076066017, 0.053788430988788605], "val_accuracy": [0.8640450835227966, 0.9049055576324463, 0.9458228945732117, 0.941611647605896, 0.9384247660636902, 0.9552697539329529, 0.9506032466888428, 0.9589688181877136, 0.9623833298683167, 0.9653995037078857], "val_loss": [0.4471169710159302, 0.3021906912326813, 0.16638793051242828, 0.1779668629169464, 0.1904830038547516, 0.1380431205034256, 0.1493675857782364, 0.13538740575313568, 0.12437430769205093, 0.11798365414142609]}